"","V1","V2","V3","V4","V5","V6","V7","V8","V9","V10","V11","V12","V13","V14","V15","V16","V17","V18","V19","V20","V21","V22","V23","V24","V25","V26","V27","V28","V29","V30","V31","V32","V33","V34","V35","V36"
"1","fiber","ECAP","die","graphene","wt","foam","fire","day","ball","modulus","slag","open","people","policy","acid","publish","fish","minus","gt","information","hand","mol","anode","mm","million","gamma","agree","Ocean","implant","alpha","wind","absorb","na","drug","get","fund"
"2","sinter","lifetime","und","friendly","Nb","pore","station","every","milling","contact","gold","window","patient","privacy","ii","journal","food","sminus","lt","database","mobile","shift","plane","MPa","NOK","strengthening","click","attract","void","engine","earth","soil","concept","body","answer","european"
"3","sintering","channel","der","nm","Zr","texture","capture","hour","solder","relation","mineral","Dr","child","join","membrane","online","store","inclusion","section","digital","camera","annual","microscopic","graphite","robot","rule","button","attention","medical","beta","rare","greenhouse","demand","modelling","want","programme"
"4","superalloy","aluminium","award","quantum","AlO","porous","worker","six","mill","frequency","leach","head","elderly","discuss","silver","nature","feed","tip","sigma","sign","right","towards","neutron","quench","billion","variable","cookie","aquaculture","flux","vehicle","cm","ocean","market","barrier","parent","Council"
"5","review","enhancement","von","environmentally","mo","adsorption","Cc","five","side","Electron","waste","Professor","young","Microstructure","cobalt","version","marine","heart","slip","patent","ultrasound","talk","ductile","peening","snake","deep","divide","Centre","bearing","combustion","mobility","bainite","ready","bed","float","EU"
"6","literature","pearlite","platform","dimension","Ti","equilibrium","lay","sufferer","height","stamping","removal","professor","feel","exhaust","platinum","Tsukuba","decade","biological","cross","learn","road","kj","superconductivity","temper","MC","twin","read","post","radiation","aircraft","perovskite","diamond","nest","skin","fall","funding"
"7","nickel","explosive","satellite","Au","eutectic","dendritic","something","foundation","Sea","springback","catalyst","Tokyo","live","Swiss","pd","agreement","sea","ndash","edge","decision","brain","valuable","color","HV","Facebook","mathematical","magnetization","NTNU","decomposition","reactor","offshore","reflect","prototype","relaxation","month","grant"
"8","parallel","crucial","fr","distribute","Zn","piece","just","save","top","FSW","recover","Prof","home","detail","agent","american","St","semisolid","strip","algorithm","phone","expand","britle","plusmn","tonne","grinding","validate","se","ferromagnetic","chamber","replace","ground","put","indentation","people","ago"
"9","simulated","threshold","mit","aging","Alloy","age","board","participant","bottom","susceptibility","sodium","de","difficult","AA","pool","article","grid","bolt","tension","screen","fibre","management","discovery","highest","substance","SMA","announce","country","nitrogen","polarization","alternative","hydropower","news","centere","everyone","public"
"10","spark","exciting","receive","tungsten","tube","densification","let","week","North","weldment","manganese","September","useful","NPs","aqueous","date","accumulate","pulse","bead","touch","happen","trial","phenomenon","Hv","budget","texture","hydride","Industry","capsule","blue","magnet","atmosphere","simply","face","ask","call"
"11","TiB","intergranular","send","nanosheet","crystallization","segregation","violin","ten","shelf","gpa","residue","Doi","often","fault","Pb","amp","animal","original","corresponding","phosphor","lie","closely","precise","argon","operating","neural","advance","China","finding","vessel","introduction","block","enough","delivery","HEAs","nozzle"
"12","formability","significance","den","array","inclusion","slab","impossible","fishery","module","amplitude","vanadium","Communications","junction","catalyntic","zinc","applied","Hospital","sound","DRX","organisation","man","partner","multilayer","elemental","intelligent","linear","saturation","manager","bone","tempering","turbine","mean","old","stem","money","Sintef"
"13","vacuum","extruded","Empa","onto","AZ","HCl","tell","refrigeration","metre","chromium","recycle","Nanotechnology","think","Brightlands","ore","steam","consumer","stretch","moreover","vision","soon","employee","resistivity","ultrafine","proper","background","Alndash","action","mold","blade","possibility","proportion","cage","riser","re","longitudinal"
"14","tendency","panel","im","outer","mu","slow","coal","movement","pipe","tribological","leaching","super","sun","obviously","mg","June","species","rotation","double","technical","weather","wider","index","ldquo","alone","polycrystalline","zero","Dragland","seven","client","permanent","underground","spread","nerve","job","century"
"15","refin","wave","des","inert","NiTi","besides","tunnel","cover","install","Microscopy","ph","gallium","return","silica","ag","February","Olav","Zurich","firstly","idea","asphalt","preliminary","Li","homogeneous","cent","screw","implementation","great","thermoelectric","reliability","methane","biochar","benefit","Dp","easy","centre"
"16","draw","passenger","user","uniformly","contents","scaffold","buy","register","roof","Aquaculture","oxygan","sponsor","ski","Office","solvent","January","sustainable","Ce","ppm","software","envisage","relevant","lap","tests","Saint","bond","starting","view","assembly","boat","minor","hard","maritime","instability","suffer","climate"
"17","sintered","theoretically","ist","TiAl","Fatigue","Ca","wood","eight","either","repeat","phosphorus","dwell","medicine","latest","alkaline","meeting","salmon","delta","verify","adequate","spill","equiax","dimple","shot","bind","interval","reference","government","ammonia","diesel","theme","watch","meet","engineer","expert","economy"
"18","degradation","explosion","matter","FeAl","ndash","desire","communicate","entire","latter","fisheries","FeO","Takashi","house","van","extraction","tundish","United","duration","sequence","computer","record","transformer","contrast","pin","Gobain","binary","edition","interest","bebe","suppress","move","reservoir","demonstration","heterogeneous","opportunity","Union"
"19","gradient","propagate","complete","dot","viscosity","respect","instrument","freedom","location","Friction","chloride","Chemistry","textile","reality","binder","pm","catch","mm","Inconel","success","rock","clinical","vertical","angles","revenue","anisotropy","accurately","appear","roasting","potentiodynamic","drill","Singapore","viable","fcc","rig","thousand"
"20","biocompatibility","collision","das","deposit","glass","etching","install","dementia","code","hz","rupture","search","suit","degc","Co","March","minute","wood","band","damper","neutral","name","foil","increasing","harmful","regime","October","CCS","hinder","turbine","renewable","drilling","Kongsberg","target","yes","initiative"
